Model,Finetuned,LR,PEFT,Decoding,BLEU,COMET,ROUGE-L,chrF,ΔBLEU,ΔROUGE-L,ΔchrF,ΔCOMET
NLLB,True,5e-05,,Beam 4,30.7443,74.0946,0.5201,52.2894,2.1997999999999998,0.01660000000000006,1.1439000000000021,0.7274000000000029
NLLB,True,0.0001,,Beam 4,30.7864,74.1214,0.5203,52.3425,2.241900000000001,0.016800000000000037,1.1970000000000027,0.7541999999999973
NLLB,False,,,Beam 4,28.5445,73.3672,0.5035,51.1455,0.0,0.0,0.0,0.0
NLLB,True,5e-05,,Greedy,29.7208,73.4611,0.513,51.6042,2.945599999999999,0.022299999999999986,1.4380999999999986,1.1308000000000078
NLLB,True,0.0001,,Greedy,29.8106,73.4609,0.5148,51.8654,3.035399999999999,0.02410000000000001,1.699300000000001,1.1306000000000012
NLLB,False,,,Greedy,26.7752,72.3303,0.4907,50.1661,0.0,0.0,0.0,0.0
