Model,Finetuned,PEFT,Decoding,BLEU,COMET,ROUGE-L,chrF,ΔBLEU,ΔROUGE-L,ΔchrF,ΔCOMET
MBART,True,Lora,Beam 4,29.4639,73.2983,0.5157,51.201,2.785999999999998,0.027200000000000057,1.8153000000000006,1.136499999999998
MBART,True,IA3,Beam 4,28.4178,72.7129,0.5029,50.1807,1.7398999999999987,0.014400000000000024,0.7950000000000017,0.5511000000000053
MBART,False,Lora,Beam 4,26.6779,72.1618,0.4885,49.3857,0.0,0.0,0.0,0.0
MBART,True,Lora,Greedy,28.9286,72.7537,0.5066,50.6552,3.136599999999998,0.02860000000000007,2.1201000000000008,1.6991999999999905
MBART,True,IA3,Greedy,27.3852,72.0454,0.4893,49.2836,1.5931999999999995,0.011300000000000032,0.7484999999999999,0.9908999999999963
MBART,False,Lora,Greedy,25.792,71.0545,0.478,48.5351,0.0,0.0,0.0,0.0
